airfoil,alpha,CL,CD,CM,L_D_ratio,max_thickness,thickness_loc,max_camber,camber_loc,le_radius,te_angle,chord
a18sm,-5,-0.3367,0.06194,-0.0447,-5.435905715208266,0.07283,0.2712,0.03842,0.49265,0.03967853275281971,10.009258905916692,1.0
a18sm,0,0.3228,0.01761,-0.0964,18.330494037478704,0.07283,0.2712,0.03842,0.49265,0.03967853275281971,10.009258905916692,1.0
a18sm,5,1.0224,0.01588,-0.1128,64.38287153652394,0.07283,0.2712,0.03842,0.49265,0.03967853275281971,10.009258905916692,1.0
a18sm,10,1.2975,0.07015,-0.0668,18.49607982893799,0.07283,0.2712,0.03842,0.49265,0.03967853275281971,10.009258905916692,1.0
ag03,-5,-0.3871,0.05236,-0.0302,-7.3930481283422465,0.062456,0.256511,0.020211,0.318857,0.04324980438250029,6.9456275654776585,0.999997
ag03,0,0.1281,0.01102,-0.0249,11.624319419237748,0.062456,0.256511,0.020211,0.318857,0.04324980438250029,6.9456275654776585,0.999997
ag03,5,0.7367,0.016,-0.028,46.04375,0.062456,0.256511,0.020211,0.318857,0.04324980438250029,6.9456275654776585,0.999997
ag03,10,1.0699,0.06359,-0.0109,16.82497247994968,0.062456,0.256511,0.020211,0.318857,0.04324980438250029,6.9456275654776585,0.999997
ag04,-5,-0.3884,0.03649,-0.0374,-10.64401205809811,0.064407,0.218852,0.017455000000000002,0.393636,0.04274213945700597,6.011026304512671,0.999983
ag04,0,0.1263,0.01055,-0.0282,11.971563981042653,0.064407,0.218852,0.017455000000000002,0.393636,0.04274213945700597,6.011026304512671,0.999983
ag04,5,0.7229,0.01618,-0.0292,44.678615574783684,0.064407,0.218852,0.017455000000000002,0.393636,0.04274213945700597,6.011026304512671,0.999983
ag04,10,0.9977,0.07557,-0.0162,13.202328966521106,0.064407,0.218852,0.017455000000000002,0.393636,0.04274213945700597,6.011026304512671,0.999983
ag08,-5,-0.4056,0.05071,-0.029,-7.9984224018931185,0.058536000000000005,0.203932,0.017961500000000002,0.394921,0.039840167476300696,5.835887024157179,1.0
ag08,0,0.135,0.01031,-0.0298,13.09408341416101,0.058536000000000005,0.203932,0.017961500000000002,0.394921,0.039840167476300696,5.835887024157179,1.0
ag08,5,0.7258,0.01644,-0.0307,44.148418491484186,0.058536000000000005,0.203932,0.017961500000000002,0.394921,0.039840167476300696,5.835887024157179,1.0
ag08,10,0.8325,0.09215,-0.0285,9.034183396635921,0.058536000000000005,0.203932,0.017961500000000002,0.394921,0.039840167476300696,5.835887024157179,1.0
ag09,-5,-0.4146,0.055,-0.0207,-7.538181818181819,0.049048999999999995,0.17189,0.018543,0.332344,0.04216370864865479,4.605041655119468,0.999988
ag09,0,0.1413,0.0099,-0.0276,14.272727272727272,0.049048999999999995,0.17189,0.018543,0.332344,0.04216370864865479,4.605041655119468,0.999988
ag09,5,0.7125,0.01682,-0.0251,42.3602853745541,0.049048999999999995,0.17189,0.018543,0.332344,0.04216370864865479,4.605041655119468,0.999988
ag09,10,0.7462,1.01487,-0.0256,0.7352665858681408,0.049048999999999995,0.17189,0.018543,0.332344,0.04216370864865479,4.605041655119468,0.999988
ag10,-5,-0.4345,0.05691,-0.0161,-7.634862062906343,0.047727000000000006,0.159986,0.0170475,0.333403,0.04238856871735669,4.22692877612427,1.000019
ag10,0,0.1334,0.00985,-0.0255,13.543147208121827,0.047727000000000006,0.159986,0.0170475,0.333403,0.04238856871735669,4.22692877612427,1.000019
ag10,5,0.6972,0.01784,-0.0217,39.08071748878923,0.047727000000000006,0.159986,0.0170475,0.333403,0.04238856871735669,4.22692877612427,1.000019
ag10,10,0.905,0.12355,-0.048,7.324969647915824,0.047727000000000006,0.159986,0.0170475,0.333403,0.04238856871735669,4.22692877612427,1.000019
ag11,-5,-0.367,0.05709,-0.027,-6.428446312839376,0.058169,0.260032,0.022859,0.297238,0.04679329048833645,6.404319860473759,0.9999770000000001
ag11,0,0.1551,0.01097,-0.0268,14.138559708295348,0.058169,0.260032,0.022859,0.297238,0.04679329048833645,6.404319860473759,0.9999770000000001
ag11,5,0.7549,0.01663,-0.0282,45.39386650631389,0.058169,0.260032,0.022859,0.297238,0.04679329048833645,6.404319860473759,0.9999770000000001
ag11,10,1.1308,0.06162,-0.0153,18.351184680298605,0.058169,0.260032,0.022859,0.297238,0.04679329048833645,6.404319860473759,0.9999770000000001
ag12,-5,-0.6547,0.07131,0.1201,-9.181040527275277,0.062435000000000004,0.208004,0.018472000000000002,0.428143,0.03851003232521539,4.122207654415873,1.0
ag12,0,0.1601,0.01019,-0.0375,15.711481844946025,0.062435000000000004,0.208004,0.018472000000000002,0.428143,0.03851003232521539,4.122207654415873,1.0
ag12,5,0.7527,0.01628,-0.0381,46.23464373464374,0.062435000000000004,0.208004,0.018472000000000002,0.428143,0.03851003232521539,4.122207654415873,1.0
ag12,10,1.83,4.56609,-0.3268,0.40078053652030515,0.062435000000000004,0.208004,0.018472000000000002,0.428143,0.03851003232521539,4.122207654415873,1.0
ag13,-5,-0.3879,0.05285,-0.0311,-7.339640491958373,0.058441,0.212982,0.019726,0.418228,0.04152301460238017,4.0060837353336245,1.0
ag13,0,0.1731,0.01013,-0.0397,17.08785784797631,0.058441,0.212982,0.019726,0.418228,0.04152301460238017,4.0060837353336245,1.0
ag13,5,0.7624,0.01646,-0.0399,46.318347509113,0.058441,0.212982,0.019726,0.418228,0.04152301460238017,4.0060837353336245,1.0
ag13,10,2.3263,0.00619,-0.5027,375.8158319870759,0.058441,0.212982,0.019726,0.418228,0.04152301460238017,4.0060837353336245,1.0
ag14,-5,-0.3794,0.05519,-0.0303,-6.874433774234463,0.053817,0.201855,0.0210175,0.406427,0.04274343861726051,3.8521930324482567,0.999999
ag14,0,0.1853,0.01002,-0.0409,18.493013972055888,0.053817,0.201855,0.0210175,0.406427,0.04274343861726051,3.8521930324482567,0.999999
ag14,5,0.7704,0.01669,-0.0407,46.159376872378665,0.053817,0.201855,0.0210175,0.406427,0.04274343861726051,3.8521930324482567,0.999999
ag14,10,0.8887,0.09015,-0.0386,9.858014420410429,0.053817,0.201855,0.0210175,0.406427,0.04274343861726051,3.8521930324482567,0.999999
ag16,-5,-0.3563,0.02695,-0.0498,-13.220779220779221,0.07119,0.234021,0.018708500000000003,0.468743,0.04735265603932484,4.428989634647916,1.000001
ag16,0,0.1517,0.01101,-0.0402,13.778383287920072,0.07119,0.234021,0.018708500000000003,0.468743,0.04735265603932484,4.428989634647916,1.000001
ag16,5,0.7678,0.01592,-0.0434,48.22864321608041,0.07119,0.234021,0.018708500000000003,0.468743,0.04735265603932484,4.428989634647916,1.000001
ag16,10,0.9423,0.07189,-0.0214,13.1075253860064,0.07119,0.234021,0.018708500000000003,0.468743,0.04735265603932484,4.428989634647916,1.000001
ag17,-5,-0.3518,0.0383,-0.048,-9.18537859007833,0.064927,0.220519,0.020162,0.454997,0.04690376188313764,4.22821053655635,1.000004
ag17,0,0.1703,0.01071,-0.0421,15.901027077497666,0.064927,0.220519,0.020162,0.454997,0.04690376188313764,4.22821053655635,1.000004
ag17,5,0.7759,0.01614,-0.044,48.073110285006194,0.064927,0.220519,0.020162,0.454997,0.04690376188313764,4.22821053655635,1.000004
ag17,10,0.5002,19.27707,-0.0095,0.025947926733678926,0.064927,0.220519,0.020162,0.454997,0.04690376188313764,4.22821053655635,1.000004
ag18,-5,-0.3695,0.05307,-0.0349,-6.962502355379687,0.058712,0.20705,0.021634999999999998,0.441254,0.046458525002870746,4.0350040383469725,1.000007
ag18,0,0.1875,0.01048,-0.0439,17.891221374045802,0.058712,0.20705,0.021634999999999998,0.441254,0.046458525002870746,4.0350040383469725,1.000007
ag18,5,0.7837,0.01649,-0.0446,47.52577319587628,0.058712,0.20705,0.021634999999999998,0.441254,0.046458525002870746,4.0350040383469725,1.000007
ag18,10,0.9305,0.07946,-0.0302,11.7102944877926,0.058712,0.20705,0.021634999999999998,0.441254,0.046458525002870746,4.0350040383469725,1.000007
ag19,-5,-0.5311,0.04853,-0.0074,-10.94374613641047,0.054068000000000005,0.193554,0.022731499999999998,0.427484,0.046147559197277456,3.8999516819599593,1.000007
ag19,0,0.1992,0.01034,-0.0452,19.264990328820115,0.054068000000000005,0.193554,0.022731499999999998,0.427484,0.046147559197277456,3.8999516819599593,1.000007
ag19,5,0.7896,0.01678,-0.0451,47.05601907032181,0.054068000000000005,0.193554,0.022731499999999998,0.427484,0.046147559197277456,3.8999516819599593,1.000007
ag19,10,0.922,0.08396,-0.0351,10.981419723677941,0.054068000000000005,0.193554,0.022731499999999998,0.427484,0.046147559197277456,3.8999516819599593,1.000007
ag23,-5,-0.3527,0.0274,-0.0517,-12.872262773722628,0.08897667,0.2729342,0.021902150000000002,0.4536104,0.048317259469364535,4.102882357962669,0.9999904000000001
ag23,0,0.231,0.01418,-0.0625,16.290550070521864,0.08897667,0.2729342,0.021902150000000002,0.4536104,0.048317259469364535,4.102882357962669,0.9999904000000001
ag23,5,0.8275,0.01574,-0.0584,52.57306226175349,0.08897667,0.2729342,0.021902150000000002,0.4536104,0.048317259469364535,4.102882357962669,0.9999904000000001
ag23,10,1.1984,0.0502,-0.0337,23.87250996015936,0.08897667,0.2729342,0.021902150000000002,0.4536104,0.048317259469364535,4.102882357962669,0.9999904000000001
ag24,-5,-0.3437,0.02056,-0.0508,-16.716926070038912,0.084134,0.259672,0.022175,0.453918,0.04814008851683373,4.168604995791923,0.999999
ag24,0,0.2216,0.01358,-0.0603,16.318114874815905,0.084134,0.259672,0.022175,0.453918,0.04814008851683373,4.168604995791923,0.999999
ag24,5,0.8265,0.0157,-0.0578,52.64331210191083,0.084134,0.259672,0.022175,0.453918,0.04814008851683373,4.168604995791923,0.999999
ag24,10,1.195,0.05225,-0.0337,22.87081339712919,0.084134,0.259672,0.022175,0.453918,0.04814008851683373,4.168604995791923,0.999999
ag25,-5,-0.3696,0.04588,-0.033,-8.055797733217089,0.075832,0.246613,0.024022,0.454307,0.0478533282103554,4.12166375830692,1.0
ag25,0,0.2116,0.01296,-0.0573,16.32716049382716,0.075832,0.246613,0.024022,0.454307,0.0478533282103554,4.12166375830692,1.0
ag25,5,0.8381,0.01568,-0.0592,53.45025510204081,0.075832,0.246613,0.024022,0.454307,0.0478533282103554,4.12166375830692,1.0
ag25,10,1.1818,0.0573,-0.0345,20.62478184991274,0.075832,0.246613,0.024022,0.454307,0.0478533282103554,4.12166375830692,1.0
ag26,-5,-0.3833,0.1254,0.0289,-3.056618819776714,0.068467,0.233671,0.025513499999999998,0.440913,0.047791665867613936,4.232393171680311,0.999998
ag26,0,0.2036,0.01239,-0.0538,16.432606941081517,0.068467,0.233671,0.025513499999999998,0.440913,0.047791665867613936,4.232393171680311,0.999998
ag26,5,0.8398,0.0156,-0.0578,53.833333333333336,0.068467,0.233671,0.025513499999999998,0.440913,0.047791665867613936,4.232393171680311,0.999998
ag26,10,1.1836,0.05979,-0.0352,19.795952500418128,0.068467,0.233671,0.025513499999999998,0.440913,0.047791665867613936,4.232393171680311,0.999998
ag27,-5,-0.4038,0.10475,-0.0066,-3.854892601431981,0.06135,0.221565,0.026964500000000002,0.442161,0.039792644742512186,4.375087568119776,0.99998
ag27,0,0.2189,0.01168,-0.054,18.741438356164384,0.06135,0.221565,0.026964500000000002,0.442161,0.039792644742512186,4.375087568119776,0.99998
ag27,5,0.8394,0.01577,-0.0562,53.2276474318326,0.06135,0.221565,0.026964500000000002,0.442161,0.039792644742512186,4.375087568119776,0.99998
ag27,10,1.1654,0.06443,-0.0352,18.08784727611361,0.06135,0.221565,0.026964500000000002,0.442161,0.039792644742512186,4.375087568119776,0.99998
ag35,-5,-0.2328,0.02113,-0.0353,-11.017510648367251,0.087161,0.278827,0.043719999999999995,0.265976,0.044475018936885505,89.93096897375037,0.999999
ag35,0,0.4515,0.0133,-0.0577,33.94736842105264,0.087161,0.278827,0.043719999999999995,0.265976,0.044475018936885505,89.93096897375037,0.999999
ag35,5,0.9447,0.01881,-0.0405,50.22328548644338,0.087161,0.278827,0.043719999999999995,0.265976,0.044475018936885505,89.93096897375037,0.999999
ag35,10,1.2168,0.05938,-0.0142,20.491748063320983,0.087161,0.278827,0.043719999999999995,0.265976,0.044475018936885505,89.93096897375037,0.999999
ag36,-5,-0.2386,0.02244,-0.0365,-10.632798573975045,0.0817,0.27883,0.040963,0.253138,0.04330041898672,0,1.000003
ag36,0,0.4285,0.0127,-0.0573,33.74015748031496,0.0817,0.27883,0.040963,0.253138,0.04330041898672,0,1.000003
ag36,5,0.9198,0.0185,-0.0388,49.71891891891892,0.0817,0.27883,0.040963,0.253138,0.04330041898672,0,1.000003
ag36,10,1.1141,0.06957,-0.011,16.014086531550955,0.0817,0.27883,0.040963,0.253138,0.04330041898672,0,1.000003
ag37,-5,-0.252,0.02542,-0.0377,-9.913453973249409,0.077326,0.277633,0.038856,0.251944,0.045245591140369835,90.0,0.999995
ag37,0,0.3922,0.01241,-0.0542,31.60354552780016,0.077326,0.277633,0.038856,0.251944,0.045245591140369835,90.0,0.999995
ag37,5,0.9004,0.01835,-0.0381,49.068119891008166,0.077326,0.277633,0.038856,0.251944,0.045245591140369835,90.0,0.999995
ag37,10,1.114,0.07154,-0.0123,15.571708135308919,0.077326,0.277633,0.038856,0.251944,0.045245591140369835,90.0,0.999995
ag38,-5,-1.0054,0.0084,0.2294,-119.6904761904762,0.07035,0.277486,0.035306000000000004,0.264739,0.044607236036861966,0,0.999991
ag38,0,0.2727,0.01325,-0.0377,20.5811320754717,0.07035,0.277486,0.035306000000000004,0.264739,0.044607236036861966,0,0.999991
ag38,5,0.8637,0.01902,-0.037,45.41009463722398,0.07035,0.277486,0.035306000000000004,0.264739,0.044607236036861966,0,0.999991
ag38,10,1.3909,0.16876,-0.2159,8.241881962550368,0.07035,0.277486,0.035306000000000004,0.264739,0.044607236036861966,0,0.999991
ag44ct02r,-5,-0.5748,0.16979,0.0731,-3.385358383885977,0.07291299999999999,0.246839,0.0194215,0.344066,0.04748783848470938,6.761976152012261,0.99999
ag44ct02r,0,0.1871,0.01146,-0.0398,16.326352530541012,0.07291299999999999,0.246839,0.0194215,0.344066,0.04748783848470938,6.761976152012261,0.99999
ag44ct02r,5,0.7404,0.01619,-0.0292,45.73193329215565,0.07291299999999999,0.246839,0.0194215,0.344066,0.04748783848470938,6.761976152012261,0.99999
ag44ct02r,10,1.1408,0.04872,-0.0117,23.41543513957307,0.07291299999999999,0.246839,0.0194215,0.344066,0.04748783848470938,6.761976152012261,0.99999
ag455ct02r,-5,-0.4144,0.05171,-0.023,-8.013923805840262,0.064808,0.222471,0.018319000000000002,0.318804,0.04823412317871368,4.894486785310857,0.999987
ag455ct02r,0,0.1268,0.01055,-0.025,12.018957345971563,0.064808,0.222471,0.018319000000000002,0.318804,0.04823412317871368,4.894486785310857,0.999987
ag455ct02r,5,0.7209,0.01616,-0.0241,44.61014851485148,0.064808,0.222471,0.018319000000000002,0.318804,0.04823412317871368,4.894486785310857,0.999987
ag455ct02r,10,1.085,0.06028,-0.0116,17.999336429993363,0.064808,0.222471,0.018319000000000002,0.318804,0.04823412317871368,4.894486785310857,0.999987
ag45c03,-5,-0.476,0.06653,-0.0106,-7.15466706748835,0.069861,0.234746,0.025478999999999998,0.386604,0.04865212116892578,0,0.999902
ag45c03,0,0.0666,0.01033,-0.0307,6.447241045498548,0.069861,0.234746,0.025478999999999998,0.386604,0.04865212116892578,0,0.999902
ag45c03,5,0.6417,0.01503,-0.027,42.69461077844312,0.069861,0.234746,0.025478999999999998,0.386604,0.04865212116892578,0,0.999902
ag45c03,10,1.1079,0.03725,-0.0152,29.742281879194636,0.069861,0.234746,0.025478999999999998,0.386604,0.04865212116892578,0,0.999902
ag45ct02r,-5,-1.0156,0.09634,0.2079,-10.541831015154662,0.069005,0.235341,0.0185105,0.31835,0.048145995043889125,5.711717216698913,0.999988
ag45ct02r,0,0.1728,0.01091,-0.0353,15.838680109990836,0.069005,0.235341,0.0185105,0.31835,0.048145995043889125,5.711717216698913,0.999988
ag45ct02r,5,0.7239,0.01601,-0.0248,45.215490318550906,0.069005,0.235341,0.0185105,0.31835,0.048145995043889125,5.711717216698913,0.999988
ag45ct02r,10,1.1108,0.05469,-0.0097,20.310842932894495,0.069005,0.235341,0.0185105,0.31835,0.048145995043889125,5.711717216698913,0.999988
ag46c03,-5,-0.2644,6.48043,0.0201,-0.04079976174420525,0.060289,0.234078,0.0227995,0.42761,0.04642050019721679,0,0.999902
ag46c03,0,0.0367,0.00972,-0.0228,3.775720164609054,0.060289,0.234078,0.0227995,0.42761,0.04642050019721679,0,0.999902
ag46c03,5,0.6114,0.01384,-0.0216,44.176300578034684,0.060289,0.234078,0.0227995,0.42761,0.04642050019721679,0,0.999902
ag46c03,10,1.043,0.05131,-0.0105,20.327421555252386,0.060289,0.234078,0.0227995,0.42761,0.04642050019721679,0,0.999902
ag46ct02r,-5,-0.5127,0.17973,0.0728,-2.8526122517109,0.060599999999999994,0.220861,0.017035500000000002,0.331198,0.046440512560279285,4.825773828607725,0.999988
ag46ct02r,0,0.1231,0.01004,-0.0226,12.260956175298805,0.060599999999999994,0.220861,0.017035500000000002,0.331198,0.046440512560279285,4.825773828607725,0.999988
ag46ct02r,5,0.7044,0.01611,-0.0215,43.7243947858473,0.060599999999999994,0.220861,0.017035500000000002,0.331198,0.046440512560279285,4.825773828607725,0.999988
ag46ct02r,10,0.9845,0.07657,-0.0173,12.857515998432808,0.060599999999999994,0.220861,0.017035500000000002,0.331198,0.046440512560279285,4.825773828607725,0.999988
ag47c03,-5,-0.5321,0.06674,-0.0043,-7.972729997003297,0.051158,0.224447,0.019301000000000002,0.457928,0.037978575361240885,0,0.999895
ag47c03,0,0.0118,0.00944,-0.0181,1.25,0.051158,0.224447,0.019301000000000002,0.457928,0.037978575361240885,0,0.999895
ag47c03,5,0.5699,0.01394,-0.014,40.88235294117647,0.051158,0.224447,0.019301000000000002,0.457928,0.037978575361240885,0,0.999895
ag47c03,10,0.7768,0.10261,-0.0339,7.570412240522367,0.051158,0.224447,0.019301000000000002,0.457928,0.037978575361240885,0,0.999895
ag47ct02r,-5,-0.4402,0.055,-0.0236,-8.003636363636364,0.050193999999999996,0.224854,0.012877,0.334468,0.037982439361497006,3.96228767393156,0.999983
ag47ct02r,0,0.1037,0.00955,-0.0181,10.858638743455497,0.050193999999999996,0.224854,0.012877,0.334468,0.037982439361497006,3.96228767393156,0.999983
ag47ct02r,5,0.6598,0.01855,-0.0139,35.56873315363882,0.050193999999999996,0.224854,0.012877,0.334468,0.037982439361497006,3.96228767393156,0.999983
ag47ct02r,10,0.6404,0.25609,0.0211,2.500683353508532,0.050193999999999996,0.224854,0.012877,0.334468,0.037982439361497006,3.96228767393156,0.999983
ag52,-5,-0.4046,0.02766,-0.0364,-14.62762111352133,0.083703,0.293559,0.017527,0.410078,0.04808736389955371,10.665090684023916,1.0
ag52,0,0.0988,0.01332,-0.0304,7.4174174174174174,0.083703,0.293559,0.017527,0.410078,0.04808736389955371,10.665090684023916,1.0
ag52,5,0.7554,0.01522,-0.0397,49.632063074901446,0.083703,0.293559,0.017527,0.410078,0.04808736389955371,10.665090684023916,1.0
ag52,10,1.1019,0.0548,-0.0127,20.107664233576642,0.083703,0.293559,0.017527,0.410078,0.04808736389955371,10.665090684023916,1.0
ag53,-5,-0.3901,0.02106,-0.0366,-18.52326685660019,0.08097299999999999,0.281445,0.017863499999999997,0.397427,0.04982807292287146,9.860103807691226,1.0
ag53,0,0.1046,0.01291,-0.0305,8.102246320681642,0.08097299999999999,0.281445,0.017863499999999997,0.397427,0.04982807292287146,9.860103807691226,1.0
ag53,5,0.7547,0.01531,-0.0388,49.29457870672763,0.08097299999999999,0.281445,0.017863499999999997,0.397427,0.04982807292287146,9.860103807691226,1.0
ag53,10,1.0922,0.05786,-0.0129,18.87659868648462,0.08097299999999999,0.281445,0.017863499999999997,0.397427,0.04982807292287146,9.860103807691226,1.0
ag54,-5,-0.3791,0.0337,-0.0406,-11.249258160237389,0.075772,0.271294,0.018357500000000002,0.386348,0.04385795881631924,8.20194867889021,1.0
ag54,0,0.1147,0.01213,-0.0304,9.455894476504534,0.075772,0.271294,0.018357500000000002,0.386348,0.04385795881631924,8.20194867889021,1.0
ag54,5,0.7538,0.01551,-0.037,48.60090264345584,0.075772,0.271294,0.018357500000000002,0.386348,0.04385795881631924,8.20194867889021,1.0
ag54,10,1.072,0.06165,-0.0132,17.388483373884835,0.075772,0.271294,0.018357500000000002,0.386348,0.04385795881631924,8.20194867889021,1.0
ag55,-5,-0.3992,0.05231,-0.0388,-7.631428025234181,0.06584,0.248659,0.0198025,0.362576,0.047201151254012336,5.999274753300853,0.999998
ag55,0,0.1395,0.01105,-0.0311,12.624434389140271,0.06584,0.248659,0.0198025,0.362576,0.047201151254012336,5.999274753300853,0.999998
ag55,5,0.7527,0.01577,-0.0341,47.72986683576411,0.06584,0.248659,0.0198025,0.362576,0.047201151254012336,5.999274753300853,0.999998
ag55,10,1.0825,0.06605,-0.017,16.389099167297502,0.06584,0.248659,0.0198025,0.362576,0.047201151254012336,5.999274753300853,0.999998
ah63k127,-5,-0.1448,0.0601,-0.1446,-2.409317803660566,0.12707,0.40245,0.03765,0.43474,0.04186330033702215,0,1.0
ah63k127,0,0.1464,0.03155,-0.0652,4.640253565768621,0.12707,0.40245,0.03765,0.43474,0.04186330033702215,0,1.0
ah63k127,5,0.5882,0.04576,-0.0633,12.854020979020977,0.12707,0.40245,0.03765,0.43474,0.04186330033702215,0,1.0
ah63k127,10,1.0789,0.03691,-0.0381,29.230560823625034,0.12707,0.40245,0.03765,0.43474,0.04186330033702215,0,1.0
ah79k132,-5,-0.623,0.09677,0.0965,-6.437945644311254,0.132,0.40245,0.0368,0.40245,0.0441425640816131,0.8923854587405653,1.0
ah79k132,0,0.2598,0.03302,-0.0762,7.867958812840702,0.132,0.40245,0.0368,0.40245,0.0441425640816131,0.8923854587405653,1.0
ah79k132,5,0.5839,0.04082,-0.0444,14.304262616364525,0.132,0.40245,0.0368,0.40245,0.0441425640816131,0.8923854587405653,1.0
ah79k132,10,1.1604,0.02681,-0.0293,43.282357329354724,0.132,0.40245,0.0368,0.40245,0.0441425640816131,0.8923854587405653,1.0
ah79k135,-5,-0.4198,0.04139,-0.0497,-10.142546508818555,0.13487,0.40245,0.030525000000000004,0.40245,0.043389936296802045,0.356978430732288,1.0
ah79k135,0,0.3419,0.0308,-0.0865,11.10064935064935,0.13487,0.40245,0.030525000000000004,0.40245,0.043389936296802045,0.356978430732288,1.0
ah79k135,5,0.5664,0.03842,-0.0381,14.742321707444038,0.13487,0.40245,0.030525000000000004,0.40245,0.043389936296802045,0.356978430732288,1.0
ah79k135,10,1.0232,0.03095,-0.0108,33.059773828756065,0.13487,0.40245,0.030525000000000004,0.40245,0.043389936296802045,0.356978430732288,1.0
ah79k143,-5,-0.5043,0.03896,-0.0331,-12.944045174537987,0.14274,0.40245,0.02868,0.40245,0.043687726437980884,8.1550896092284,1.0
ah79k143,0,0.2737,0.03512,-0.0756,7.793280182232347,0.14274,0.40245,0.02868,0.40245,0.043687726437980884,8.1550896092284,1.0
ah79k143,5,0.5182,0.04348,-0.0334,11.918123275068998,0.14274,0.40245,0.02868,0.40245,0.043687726437980884,8.1550896092284,1.0
ah79k143,10,0.9229,0.0324,0.0053,28.48456790123457,0.14274,0.40245,0.02868,0.40245,0.043687726437980884,8.1550896092284,1.0
ah80129,-5,-0.3185,0.19604,-0.01,-1.6246684350132627,0.12865,0.40245,0.040639999999999996,0.43474,0.04125512612833622,4.453298744393997,1.0
ah80129,0,0.1909,0.034,-0.0687,5.614705882352941,0.12865,0.40245,0.040639999999999996,0.43474,0.04125512612833622,4.453298744393997,1.0
ah80129,5,0.5552,0.04756,-0.0504,11.67367535744323,0.12865,0.40245,0.040639999999999996,0.43474,0.04125512612833622,4.453298744393997,1.0
ah80129,10,0.9587,0.04284,-0.0154,22.37861811391223,0.12865,0.40245,0.040639999999999996,0.43474,0.04125512612833622,4.453298744393997,1.0
ah80136,-5,-0.3144,0.0439,-0.0405,-7.161731207289294,0.13549,0.33928,0.034025,0.33928,0.04513792270636746,10.587321318236985,1.0
ah80136,0,0.3059,0.03301,-0.0637,9.266888821569223,0.13549,0.33928,0.034025,0.33928,0.04513792270636746,10.587321318236985,1.0
ah80136,5,0.5865,0.05185,-0.042,11.311475409836065,0.13549,0.33928,0.034025,0.33928,0.04513792270636746,10.587321318236985,1.0
ah80136,10,1.1063,0.04551,-0.0238,24.308943089430894,0.13549,0.33928,0.034025,0.33928,0.04513792270636746,10.587321318236985,1.0
ah80140,-5,-0.1571,0.04198,-0.07,-3.742258218199142,0.13963,0.30866,0.0436,0.33928,0.052913350281495596,2.3191224958774286,1.0
ah80140,0,0.4016,0.02867,-0.0758,14.007673526334147,0.13963,0.30866,0.0436,0.33928,0.052913350281495596,2.3191224958774286,1.0
ah80140,5,0.5545,0.0601,-0.0494,9.226289517470882,0.13963,0.30866,0.0436,0.33928,0.052913350281495596,2.3191224958774286,1.0
ah80140,10,0.8363,0.08603,-0.0373,9.721027548529584,0.13963,0.30866,0.0436,0.33928,0.052913350281495596,2.3191224958774286,1.0
ah81131,-5,-1.609,0.08376,0.3255,-19.209646609360075,0.13052,0.40245,0.02823,0.40245,0.0413542060637142,90.0,1.0
ah81131,0,-0.0459,0.033,-0.0206,-1.3909090909090909,0.13052,0.40245,0.02823,0.40245,0.0413542060637142,90.0,1.0
ah81131,5,0.5457,0.04417,-0.0307,12.354539280054334,0.13052,0.40245,0.02823,0.40245,0.0413542060637142,90.0,1.0
ah81131,10,0.9528,0.03605,0.0092,26.42995839112344,0.13052,0.40245,0.02823,0.40245,0.0413542060637142,90.0,1.0
ah82150a,-5,-0.378,0.0398,-0.0656,-9.49748743718593,0.14999,0.40245,0.03281,0.43474,0.04477601382262159,0,1.0
ah82150a,0,0.2464,0.03722,-0.0723,6.620096722192369,0.14999,0.40245,0.03281,0.43474,0.04477601382262159,0,1.0
ah82150a,5,0.7029,0.03555,-0.0651,19.772151898734176,0.14999,0.40245,0.03281,0.43474,0.04477601382262159,0,1.0
ah82150a,10,1.0837,0.03127,-0.0348,34.65622001918772,0.14999,0.40245,0.03281,0.43474,0.04477601382262159,0,1.0
ah82150f,-5,-1.0635,0.08012,0.1839,-13.273839241138292,0.14997,0.43474,0.03636,0.4673,0.04344258607759314,0,1.0
ah82150f,0,-0.0346,0.04257,-0.0355,-0.8127789523138361,0.14997,0.43474,0.03636,0.4673,0.04344258607759314,0,1.0
ah82150f,5,0.4784,0.04648,-0.0363,10.292598967297762,0.14997,0.43474,0.03636,0.4673,0.04344258607759314,0,1.0
ah82150f,10,0.9252,0.03412,-0.0077,27.116060961313014,0.14997,0.43474,0.03636,0.4673,0.04344258607759314,0,1.0
ah83150q,-5,-0.2275,0.03713,-0.1005,-6.127120926474548,0.15003,0.40245,0.041325,0.37059,0.0499316610361083,0,1.0
ah83150q,0,0.4617,0.03603,-0.0967,12.814321398834306,0.15003,0.40245,0.041325,0.37059,0.0499316610361083,0,1.0
ah83150q,5,0.5441,0.04984,-0.0372,10.9169341894061,0.15003,0.40245,0.041325,0.37059,0.0499316610361083,0,1.0
ah83150q,10,1.1431,0.03887,-0.0339,29.40828402366864,0.15003,0.40245,0.041325,0.37059,0.0499316610361083,0,1.0
ah83159,-5,-0.2367,0.07343,-0.0602,-3.2234781424485908,0.15942,0.43474,0.03845,0.40245,0.046839036628491926,0,1.0
ah83159,0,0.0663,0.04791,-0.0539,1.3838447088290544,0.15942,0.43474,0.03845,0.40245,0.046839036628491926,0,1.0
ah83159,5,0.3888,0.0538,-0.0275,7.226765799256505,0.15942,0.43474,0.03845,0.40245,0.046839036628491926,0,1.0
ah83159,10,0.8865,0.05889,-0.0286,15.053489556800814,0.15942,0.43474,0.03845,0.40245,0.046839036628491926,0,1.0
ah85l120,-5,-0.6716,0.02423,0.0197,-27.717705323978535,0.1211,0.43474,0.0,1.0,0.03729436521968929,5.692920164737263,1.0
ah85l120,0,0.0,0.02526,-0.0,0.0,0.1211,0.43474,0.0,1.0,0.03729436521968929,5.692920164737263,1.0
ah85l120,5,0.6715,0.02422,-0.0197,27.72502064409579,0.1211,0.43474,0.0,1.0,0.03729436521968929,5.692920164737263,1.0
ah85l120,10,0.6525,0.08615,0.0419,7.5739988392338935,0.1211,0.43474,0.0,1.0,0.03729436521968929,5.692920164737263,1.0
ah88k130,-5,-0.882,0.04502,0.113,-19.59129275877388,0.13,0.43474,0.0394,0.4673,0.04110534300395733,0,1.0
ah88k130,0,0.0476,0.03191,-0.0581,1.4916953932936383,0.13,0.43474,0.0394,0.4673,0.04110534300395733,0,1.0
ah88k130,5,0.5476,0.04648,-0.0635,11.781411359724611,0.13,0.43474,0.0394,0.4673,0.04110534300395733,0,1.0
ah88k130,10,1.0533,0.04038,-0.0426,26.084695393759286,0.13,0.43474,0.0394,0.4673,0.04110534300395733,0,1.0
ah88k136,-5,-0.6716,0.0636,0.0042,-10.559748427672956,0.13575,0.41428,0.030695000000000004,0.41428,0.04825899598202109,14.524151937419282,0.99978
ah88k136,0,-0.0687,0.03565,-0.0162,-1.9270687237026647,0.13575,0.41428,0.030695000000000004,0.41428,0.04825899598202109,14.524151937419282,0.99978
ah88k136,5,0.5906,0.04357,-0.0385,13.555198531099382,0.13575,0.41428,0.030695000000000004,0.41428,0.04825899598202109,14.524151937419282,0.99978
ah88k136,10,0.9632,0.03387,0.0064,28.438145851786242,0.13575,0.41428,0.030695000000000004,0.41428,0.04825899598202109,14.524151937419282,0.99978
ah93156,-5,-0.4605,0.04613,-0.0434,-9.982657706481683,0.15663,0.41477,0.037365,0.41477,0.0500152036033891,13.273942020957097,0.99994
ah93156,0,0.2313,0.04152,-0.0717,5.570809248554913,0.15663,0.41477,0.037365,0.41477,0.0500152036033891,13.273942020957097,0.99994
ah93156,5,0.5047,0.04841,-0.034,10.425531914893618,0.15663,0.41477,0.037365,0.41477,0.0500152036033891,13.273942020957097,0.99994
ah93156,10,0.9607,0.04515,-0.0163,21.277962347729787,0.15663,0.41477,0.037365,0.41477,0.0500152036033891,13.273942020957097,0.99994
ah93157,-5,-0.4161,0.04258,-0.0484,-9.772193518083608,0.15685,0.4032,0.037225,0.4032,0.056373846078814835,13.68401975224745,0.9999
ah93157,0,0.2903,0.0393,-0.0782,7.38676844783715,0.15685,0.4032,0.037225,0.4032,0.056373846078814835,13.68401975224745,0.9999
ah93157,5,0.5375,0.04691,-0.0363,11.458111276913238,0.15685,0.4032,0.037225,0.4032,0.056373846078814835,13.68401975224745,0.9999
ah93157,10,1.0137,0.04125,-0.018,24.574545454545454,0.15685,0.4032,0.037225,0.4032,0.056373846078814835,13.68401975224745,0.9999
ah93k130,-5,-0.5949,0.0682,-0.0112,-8.722873900293255,0.13047,0.42044,0.035855,0.42044,0.05284373065032108,12.196727362349305,0.99999
ah93k130,0,0.1392,0.03589,-0.0557,3.8785176929506826,0.13047,0.42044,0.035855,0.42044,0.05284373065032108,12.196727362349305,0.99999
ah93k130,5,0.6009,0.04432,-0.0444,13.558212996389893,0.13047,0.42044,0.035855,0.42044,0.05284373065032108,12.196727362349305,0.99999
ah93k130,10,1.1183,0.02938,-0.0172,38.06330837304289,0.13047,0.42044,0.035855,0.42044,0.05284373065032108,12.196727362349305,0.99999
ah93k131,-5,-0.149,0.0624,-0.033,-2.3878205128205128,0.13083,0.41323,0.036145000000000004,0.39407,0.052304482050635495,11.511447048413572,1.0
ah93k131,0,0.1904,0.03591,-0.0623,5.302144249512671,0.13083,0.41323,0.036145000000000004,0.39407,0.052304482050635495,11.511447048413572,1.0
ah93k131,5,0.6025,0.04509,-0.0439,13.36216455976935,0.13083,0.41323,0.036145000000000004,0.39407,0.052304482050635495,11.511447048413572,1.0
ah93k131,10,1.147,0.02852,-0.0192,40.21739130434783,0.13083,0.41323,0.036145000000000004,0.39407,0.052304482050635495,11.511447048413572,1.0
ah93k132,-5,-0.5914,0.07062,-0.0148,-8.3743981874823,0.13228,0.41175,0.03521,0.41175,0.051366641508080325,5.776711264914884,1.0
ah93k132,0,-0.0015,0.03692,-0.0319,-0.040628385698808236,0.13228,0.41175,0.03521,0.41175,0.051366641508080325,5.776711264914884,1.0
ah93k132,5,0.5917,0.04357,-0.0416,13.580445260500346,0.13228,0.41175,0.03521,0.41175,0.051366641508080325,5.776711264914884,1.0
ah93k132,10,1.118,0.0286,-0.0169,39.09090909090909,0.13228,0.41175,0.03521,0.41175,0.051366641508080325,5.776711264914884,1.0
ah93w145,-5,-0.0979,0.02432,-0.0986,-4.025493421052631,0.14483,0.33928,0.03876,0.37059,0.049270169030813105,14.952592711790295,1.0
ah93w145,0,0.4679,0.0223,-0.0983,20.982062780269057,0.14483,0.33928,0.03876,0.37059,0.049270169030813105,14.952592711790295,1.0
ah93w145,5,1.075,0.01868,-0.1118,57.54817987152035,0.14483,0.33928,0.03876,0.37059,0.049270169030813105,14.952592711790295,1.0
ah93w145,10,1.1444,0.05817,-0.0663,19.67337115351556,0.14483,0.33928,0.03876,0.37059,0.049270169030813105,14.952592711790295,1.0
ah93w174,-5,-0.1238,0.02555,-0.0951,-4.845401174168297,0.17427,0.33928,0.039284999999999994,0.37059,0.05531644533976821,0,1.0
ah93w174,0,0.1999,0.0335,-0.0552,5.967164179104477,0.17427,0.33928,0.039284999999999994,0.37059,0.05531644533976821,0,1.0
ah93w174,5,0.779,0.03796,-0.0756,20.52160168598525,0.17427,0.33928,0.039284999999999994,0.37059,0.05531644533976821,0,1.0
ah93w174,10,0.6896,0.09808,-0.0524,7.030995106035889,0.17427,0.33928,0.039284999999999994,0.37059,0.05531644533976821,0,1.0
ah93w215,-5,-0.2133,0.02562,-0.0785,-8.325526932084308,0.2122,0.33928,0.030515,0.40245,0.06419256976974665,25.48003355758034,1.0
ah93w215,0,-0.1738,0.04286,0.0007,-4.05506299580028,0.2122,0.33928,0.030515,0.40245,0.06419256976974665,25.48003355758034,1.0
ah93w215,5,0.643,0.04759,-0.048,13.511241857533095,0.2122,0.33928,0.030515,0.40245,0.06419256976974665,25.48003355758034,1.0
ah93w215,10,0.5136,0.0917,-0.0075,5.600872410032714,0.2122,0.33928,0.030515,0.40245,0.06419256976974665,25.48003355758034,1.0
ah93w257,-5,0.1127,0.08157,-0.0494,1.3816354051734705,0.25673999999999997,0.30866,0.017855,0.77779,0.065950828721542,14.46492264872836,1.0
ah93w257,0,0.0233,0.07462,-0.0236,0.3122487268828732,0.25673999999999997,0.30866,0.017855,0.77779,0.065950828721542,14.46492264872836,1.0
ah93w257,5,0.1326,0.09505,-0.0236,1.3950552340873226,0.25673999999999997,0.30866,0.017855,0.77779,0.065950828721542,14.46492264872836,1.0
ah93w257,10,0.5279,0.11346,-0.0435,4.652741054115988,0.25673999999999997,0.30866,0.017855,0.77779,0.065950828721542,14.46492264872836,1.0
ah93w300,-5,0.2326,0.08606,-0.0619,2.7027655124331864,0.29984,0.27886,0.011424999999999998,0.69134,0.09544751956794074,18.61020939130199,1.0
ah93w300,0,0.3012,0.04667,-0.049,6.4538247268052285,0.29984,0.27886,0.011424999999999998,0.69134,0.09544751956794074,18.61020939130199,1.0
ah93w300,5,0.7085,0.04459,-0.0367,15.88921282798834,0.29984,0.27886,0.011424999999999998,0.69134,0.09544751956794074,18.61020939130199,1.0
ah93w300,10,0.4402,0.12656,-0.0312,3.47819216182048,0.29984,0.27886,0.011424999999999998,0.69134,0.09544751956794074,18.61020939130199,1.0
ah94145,-5,-0.1714,0.06987,-0.1003,-2.453127236295978,0.14679999999999999,0.36939,0.054544999999999996,0.44616,0.06242563723028889,92.63316422193539,1.0002
ah94145,0,0.3105,0.04684,-0.1154,6.628949615713066,0.14679999999999999,0.36939,0.054544999999999996,0.44616,0.06242563723028889,92.63316422193539,1.0002
ah94145,5,0.765,0.06855,-0.1165,11.159737417943107,0.14679999999999999,0.36939,0.054544999999999996,0.44616,0.06242563723028889,92.63316422193539,1.0002
ah94145,10,1.1956,0.07128,-0.1,16.773288439955106,0.14679999999999999,0.36939,0.054544999999999996,0.44616,0.06242563723028889,92.63316422193539,1.0002
ah94156,-5,-0.3199,0.03675,0.0424,-8.704761904761906,0.15608,0.41481,0.036890000000000006,0.41481,0.048892523640853884,0,0.99994
ah94156,0,0.2344,0.04035,-0.0718,5.8091697645600995,0.15608,0.41481,0.036890000000000006,0.41481,0.048892523640853884,0,0.99994
ah94156,5,0.4941,0.0472,-0.0331,10.46822033898305,0.15608,0.41481,0.036890000000000006,0.41481,0.048892523640853884,0,0.99994
ah94156,10,1.019,0.04032,-0.0227,25.27281746031746,0.15608,0.41481,0.036890000000000006,0.41481,0.048892523640853884,0,0.99994
ah94w301,-5,0.2013,0.09561,-0.0646,2.10542830247882,0.30100000000000005,0.30866,-0.013750000000000005,0.08427,0.07644363004128155,25.815002260383768,1.0
ah94w301,0,0.3908,0.07147,-0.0573,5.4680285434448015,0.30100000000000005,0.30866,-0.013750000000000005,0.08427,0.07644363004128155,25.815002260383768,1.0
ah94w301,5,-0.0286,0.09963,-0.0254,-0.28706212988055807,0.30100000000000005,0.30866,-0.013750000000000005,0.08427,0.07644363004128155,25.815002260383768,1.0
ah94w301,10,0.3063,0.13233,-0.045,2.314667875765133,0.30100000000000005,0.30866,-0.013750000000000005,0.08427,0.07644363004128155,25.815002260383768,1.0
ah95160,-5,-0.1661,0.05689,-0.1093,-2.9196695377043413,0.16103,0.38868,0.05450499999999999,0.44616,0.06540652667288113,94.051297478564,1.0002
ah95160,0,0.1619,0.05336,-0.1006,3.0341079460269866,0.16103,0.38868,0.05450499999999999,0.44616,0.06540652667288113,94.051297478564,1.0002
ah95160,5,0.5089,0.07509,-0.0936,6.777200692502331,0.16103,0.38868,0.05450499999999999,0.44616,0.06540652667288113,94.051297478564,1.0002
ah95160,10,1.0375,0.08685,-0.0908,11.94588370754174,0.16103,0.38868,0.05450499999999999,0.44616,0.06540652667288113,94.051297478564,1.0002
as5045,-5,-0.3294,0.01976,-0.0556,-16.67004048582996,0.14956999999999998,0.37479,0.012295,0.12777,0.05342210028041693,5.824901624198471,1.0
as5045,0,0.0988,0.0291,-0.0205,3.395189003436426,0.14956999999999998,0.37479,0.012295,0.12777,0.05342210028041693,5.824901624198471,1.0
as5045,5,0.6257,0.0261,-0.0174,23.973180076628353,0.14956999999999998,0.37479,0.012295,0.12777,0.05342210028041693,5.824901624198471,1.0
as5045,10,1.1076,0.03149,-0.0116,35.1730708161321,0.14956999999999998,0.37479,0.012295,0.12777,0.05342210028041693,5.824901624198471,1.0
as5046,-5,-0.3899,0.02227,-0.0392,-17.507858105074092,0.15943000000000002,0.41235,0.01372,0.10538,0.05608959280555239,10.683238045138024,0.99997
as5046,0,0.1092,0.0302,-0.0184,3.6158940397350996,0.15943000000000002,0.41235,0.01372,0.10538,0.05608959280555239,10.683238045138024,0.99997
as5046,5,0.6152,0.02591,-0.0125,23.74372829023543,0.15943000000000002,0.41235,0.01372,0.10538,0.05608959280555239,10.683238045138024,0.99997
as5046,10,1.1073,0.02961,-0.0084,37.396149949341435,0.15943000000000002,0.41235,0.01372,0.10538,0.05608959280555239,10.683238045138024,0.99997
as5048,-5,-0.4188,0.03041,-0.0242,-13.771785596843143,0.17937,0.41832,0.01572,0.10936,0.05016313836796467,20.499560593742462,0.99986
as5048,0,0.0051,0.03573,-0.0013,0.1427371956339211,0.17937,0.41832,0.01572,0.10936,0.05016313836796467,20.499560593742462,0.99986
as5048,5,0.5168,0.03244,-0.0016,15.930949445129473,0.17937,0.41832,0.01572,0.10936,0.05016313836796467,20.499560593742462,0.99986
as5048,10,1.0569,0.02775,-0.0001,38.086486486486486,0.17937,0.41832,0.01572,0.10936,0.05016313836796467,20.499560593742462,0.99986
atr72sm,-5,-0.4439,0.02969,-0.0189,-14.951162007409902,0.14556,0.254,0.028295000000000004,0.214,0.051300887168939505,0.0,1.0
atr72sm,0,0.4644,0.01782,-0.0622,26.060606060606062,0.14556,0.254,0.028295000000000004,0.214,0.051300887168939505,0.0,1.0
atr72sm,5,0.8432,0.02554,-0.0368,33.01487862176977,0.14556,0.254,0.028295000000000004,0.214,0.051300887168939505,0.0,1.0
atr72sm,10,0.6999,0.09131,-0.002,7.665096922571459,0.14556,0.254,0.028295000000000004,0.214,0.051300887168939505,0.0,1.0
august160,-5,-0.0947,0.05262,-0.0548,-1.7996959331052833,0.16038000000000002,0.25,0.05387000000000001,0.25,0.06049691512524811,0.535458985564544,1.0
august160,0,0.5354,0.02578,-0.0651,20.76803723816912,0.16038000000000002,0.25,0.05387000000000001,0.25,0.06049691512524811,0.535458985564544,1.0
august160,5,0.2789,0.08638,-0.031,3.2287566566334798,0.16038000000000002,0.25,0.05387000000000001,0.25,0.06049691512524811,0.535458985564544,1.0
august160,10,0.5515,0.12726,-0.0291,4.3336476504793335,0.16038000000000002,0.25,0.05387000000000001,0.25,0.06049691512524811,0.535458985564544,1.0
avistar,-5,-0.4906,0.03801,-0.0306,-12.907129702709812,0.145219,0.34204,0.021892,0.37887,0.04879139203336182,39.86079997100065,1.0
avistar,0,0.4085,0.0196,-0.0848,20.841836734693878,0.145219,0.34204,0.021892,0.37887,0.04879139203336182,39.86079997100065,1.0
avistar,5,0.8171,0.0189,-0.0563,43.232804232804234,0.145219,0.34204,0.021892,0.37887,0.04879139203336182,39.86079997100065,1.0
avistar,10,0.9708,0.03765,0.0024,25.784860557768923,0.145219,0.34204,0.021892,0.37887,0.04879139203336182,39.86079997100065,1.0
bacnlf,-5,-0.5448,0.03194,-0.0239,-17.05698184095178,0.101496,0.474296,0.0153585,0.74217,0.039596145231877405,12.693227936983503,0.999923
bacnlf,0,-0.1446,0.01696,0.0143,-8.525943396226415,0.101496,0.474296,0.0153585,0.74217,0.039596145231877405,12.693227936983503,0.999923
bacnlf,5,0.6349,0.02056,-0.035,30.880350194552534,0.101496,0.474296,0.0153585,0.74217,0.039596145231877405,12.693227936983503,0.999923
bacnlf,10,0.4788,0.15328,-0.0232,3.123695198329854,0.101496,0.474296,0.0153585,0.74217,0.039596145231877405,12.693227936983503,0.999923
be50sm,-5,-0.2925,0.06481,-0.0462,-4.513192408578922,0.07316,0.2376,0.039565,0.45435,0.04138813178070665,5.923740483181426,1.0
be50sm,0,0.3886,0.01552,-0.099,25.038659793814432,0.07316,0.2376,0.039565,0.45435,0.04138813178070665,5.923740483181426,1.0
be50sm,5,1.0061,0.01726,-0.0971,58.29084588644264,0.07316,0.2376,0.039565,0.45435,0.04138813178070665,5.923740483181426,1.0
be50sm,10,1.3718,0.04202,-0.0678,32.646358876725365,0.07316,0.2376,0.039565,0.45435,0.04138813178070665,5.923740483181426,1.0
bw3,-5,-0.2911,0.08096,-0.0247,-3.595602766798419,0.050184,0.07395,0.057934,0.41638,0.04115952901245403,73.22959118801076,1.0
bw3,0,0.1457,0.08926,-0.0511,1.6323101053103293,0.050184,0.07395,0.057934,0.41638,0.04115952901245403,73.22959118801076,1.0
bw3,5,1.1102,0.02125,-0.1262,52.24470588235294,0.050184,0.07395,0.057934,0.41638,0.04115952901245403,73.22959118801076,1.0
bw3,10,0.5216,1.22452,-0.0577,0.42596282625028575,0.050184,0.07395,0.057934,0.41638,0.04115952901245403,73.22959118801076,1.0
ch10sm,-5,-0.0624,0.12265,-0.0757,-0.5087647778230738,0.12837,0.30609,0.10204,0.49265,0.05497026089560288,9.008503742025097,1.0
ch10sm,0,-0.1146,0.12274,-0.0436,-0.9336809516050186,0.12837,0.30609,0.10204,0.49265,0.05497026089560288,9.008503742025097,1.0
ch10sm,5,0.971,0.09417,-0.2049,10.311139428692789,0.12837,0.30609,0.10204,0.49265,0.05497026089560288,9.008503742025097,1.0
ch10sm,10,1.2462,0.12463,-0.1893,9.999197624969911,0.12837,0.30609,0.10204,0.49265,0.05497026089560288,9.008503742025097,1.0
clarkysm,-5,-0.3868,0.04405,-0.0446,-8.780930760499432,0.11724000000000001,0.30866,0.03555,0.43474,0.048743757334077036,3.095268107058682,1.0
clarkysm,0,0.364,0.02003,-0.0883,18.172740888667,0.11724000000000001,0.30866,0.03555,0.43474,0.048743757334077036,3.095268107058682,1.0
clarkysm,5,0.9401,0.0181,-0.0801,51.93922651933701,0.11724000000000001,0.30866,0.03555,0.43474,0.048743757334077036,3.095268107058682,1.0
clarkysm,10,1.2557,0.02683,-0.036,46.802087215803205,0.11724000000000001,0.30866,0.03555,0.43474,0.048743757334077036,3.095268107058682,1.0
cr001sm,-5,-0.3603,0.07141,-0.0279,-5.0455118330766,0.07332999999999999,0.2712,0.040584999999999996,0.45435,0.04030570469196567,0.0,1.0
cr001sm,0,0.306,0.01809,-0.088,16.91542288557214,0.07332999999999999,0.2712,0.040584999999999996,0.45435,0.04030570469196567,0.0,1.0
cr001sm,5,1.0185,0.01591,-0.1059,64.01634192331866,0.07332999999999999,0.2712,0.040584999999999996,0.45435,0.04030570469196567,0.0,1.0
cr001sm,10,1.3357,0.04218,-0.0643,31.666666666666668,0.07332999999999999,0.2712,0.040584999999999996,0.45435,0.04030570469196567,0.0,1.0
davissm,-5,-0.3357,0.08655,-0.0235,-3.8786828422876947,0.058739999999999994,0.30609,0.059074999999999996,0.45435,0.0383861917863602,33.14662604277496,1.0
davissm,0,0.5266,0.0282,-0.1447,18.673758865248224,0.058739999999999994,0.30609,0.059074999999999996,0.45435,0.0383861917863602,33.14662604277496,1.0
davissm,5,1.2211,0.01865,-0.1587,65.4745308310992,0.058739999999999994,0.30609,0.059074999999999996,0.45435,0.0383861917863602,33.14662604277496,1.0
davissm,10,1.6985,0.05973,-0.1466,28.436296668340866,0.058739999999999994,0.30609,0.059074999999999996,0.45435,0.0383861917863602,33.14662604277496,1.0
du84132v,-5,-0.4132,0.03288,-0.0564,-12.5669099756691,0.1363,0.33941,0.030525000000000004,0.4533,0.05246729840436981,0,1.0
du84132v,0,0.1741,0.024,-0.0502,7.254166666666666,0.1363,0.33941,0.030525000000000004,0.4533,0.05246729840436981,0,1.0
du84132v,5,0.9054,0.01853,-0.0793,48.86130599028602,0.1363,0.33941,0.030525000000000004,0.4533,0.05246729840436981,0,1.0
du84132v,10,1.2655,0.02761,-0.0503,45.83484244838827,0.1363,0.33941,0.030525000000000004,0.4533,0.05246729840436981,0,1.0
hor12,-5,-0.2188,0.0241,-0.093,-9.078838174273859,0.118614,0.2548,0.0385215,0.487397,0.05272253104422815,3.663551329715236,1.00047
hor12,0,0.489,0.01769,-0.1166,27.642736009044658,0.118614,0.2548,0.0385215,0.487397,0.05272253104422815,3.663551329715236,1.00047
hor12,5,1.0362,0.02118,-0.1081,48.92351274787535,0.118614,0.2548,0.0385215,0.487397,0.05272253104422815,3.663551329715236,1.00047
hor12,10,1.4845,0.0299,-0.0891,49.64882943143812,0.118614,0.2548,0.0385215,0.487397,0.05272253104422815,3.663551329715236,1.00047
hor20,-5,-0.2015,0.03015,-0.0907,-6.683250414593699,0.20252399999999998,0.251396,0.0318085,0.513675,0.07714392614749345,14.220822846467012,1.000004
hor20,0,0.3491,0.02748,-0.0861,12.703784570596799,0.20252399999999998,0.251396,0.0318085,0.513675,0.07714392614749345,14.220822846467012,1.000004
hor20,5,0.8912,0.0301,-0.0815,29.60797342192691,0.20252399999999998,0.251396,0.0318085,0.513675,0.07714392614749345,14.220822846467012,1.000004
hor20,10,1.3481,0.041,-0.0689,32.88048780487805,0.20252399999999998,0.251396,0.0318085,0.513675,0.07714392614749345,14.220822846467012,1.000004
hs1404,-5,-0.3048,0.06067,-0.0484,-5.023899785726059,0.04022,0.18,0.030150000000000003,0.44,0.03637147684053602,80.96559739786076,1.0
hs1404,0,0.3001,0.00856,-0.0781,35.05841121495327,0.04022,0.18,0.030150000000000003,0.44,0.03637147684053602,80.96559739786076,1.0
hs1404,5,0.8734,0.02456,-0.07,35.56188925081433,0.04022,0.18,0.030150000000000003,0.44,0.03637147684053602,80.96559739786076,1.0
hs1404,10,2.5218,3.28147,-0.5689,0.7684970455314233,0.04022,0.18,0.030150000000000003,0.44,0.03637147684053602,80.96559739786076,1.0
hs1430,-5,-0.6213,0.05253,-0.0053,-11.827527127355795,0.29996,0.34,0.02942,0.44,0.10065682449961395,55.372139613441014,1.0
hs1430,0,0.0463,0.03661,-0.0236,1.264681780934171,0.29996,0.34,0.02942,0.44,0.10065682449961395,55.372139613441014,1.0
hs1430,5,1.0327,0.03928,-0.0965,26.290733197556005,0.29996,0.34,0.02942,0.44,0.10065682449961395,55.372139613441014,1.0
hs1430,10,0.3065,0.13972,0.0043,2.1936730604065273,0.29996,0.34,0.02942,0.44,0.10065682449961395,55.372139613441014,1.0
hs1606,-5,-0.3577,0.07386,-0.0281,-4.842946114270242,0.06014,0.18,0.042435,0.44,0.041174648139890364,77.15611715311799,1.0
hs1606,0,0.3323,0.02242,-0.0962,14.821587867975023,0.06014,0.18,0.042435,0.44,0.041174648139890364,77.15611715311799,1.0
hs1606,5,1.0647,0.01555,-0.1134,68.46945337620579,0.06014,0.18,0.042435,0.44,0.041174648139890364,77.15611715311799,1.0
hs1606,10,0.9945,0.12182,-0.0737,8.163684124117552,0.06014,0.18,0.042435,0.44,0.041174648139890364,77.15611715311799,1.0
hs1620,-5,-0.4095,0.0439,-0.0545,-9.328018223234624,0.20016,0.34,0.040995000000000004,0.44,0.07506865860042969,37.903986525526086,1.0
hs1620,0,0.2611,0.0351,-0.0791,7.438746438746439,0.20016,0.34,0.040995000000000004,0.44,0.07506865860042969,37.903986525526086,1.0
hs1620,5,1.0207,0.02341,-0.103,43.60102520290474,0.20016,0.34,0.040995000000000004,0.44,0.07506865860042969,37.903986525526086,1.0
hs1620,10,1.4443,0.03759,-0.0839,38.42245277999468,0.20016,0.34,0.040995000000000004,0.44,0.07506865860042969,37.903986525526086,1.0
hs1708,-5,-0.3764,0.07902,-0.0278,-4.763351050366995,0.07916000000000001,0.22,0.048705,0.44,0.04656887347956042,74.62374875117382,1.0
hs1708,0,0.4243,0.02872,-0.1204,14.773676880222842,0.07916000000000001,0.22,0.048705,0.44,0.04656887347956042,74.62374875117382,1.0
hs1708,5,1.1443,0.01918,-0.1341,59.66110531803963,0.07916000000000001,0.22,0.048705,0.44,0.04656887347956042,74.62374875117382,1.0
hs1708,10,1.4654,0.04215,-0.0906,34.766310794780544,0.07916000000000001,0.22,0.048705,0.44,0.04656887347956042,74.62374875117382,1.0
hs1712,-5,-0.4052,0.07793,-0.0306,-5.199538046965225,0.11976,0.36,0.047755,0.44,0.055775603149327536,18.905350840622532,1.0
hs1712,0,0.4706,0.02832,-0.1246,16.61723163841808,0.11976,0.36,0.047755,0.44,0.055775603149327536,18.905350840622532,1.0
hs1712,5,1.2048,0.01984,-0.1469,60.72580645161291,0.11976,0.36,0.047755,0.44,0.055775603149327536,18.905350840622532,1.0
hs1712,10,1.5667,0.03382,-0.112,46.324659964518034,0.11976,0.36,0.047755,0.44,0.055775603149327536,18.905350840622532,1.0
jx-gs-04,-5,-0.5608,0.04392,-0.0086,-12.768670309653915,0.0690491,0.2323365,0.014740850000000002,0.2968444,0.04477380765417536,2.0211048842712027,1.0
jx-gs-04,0,0.0678,0.0106,-0.0095,6.39622641509434,0.0690491,0.2323365,0.014740850000000002,0.2968444,0.04477380765417536,2.0211048842712027,1.0
jx-gs-04,5,0.6732,0.01613,-0.0125,41.73589584624923,0.0690491,0.2323365,0.014740850000000002,0.2968444,0.04477380765417536,2.0211048842712027,1.0
jx-gs-04,10,1.0079,0.06039,0.0055,16.68984931280013,0.0690491,0.2323365,0.014740850000000002,0.2968444,0.04477380765417536,2.0211048842712027,1.0
jx-gs-06,-5,-0.5518,0.05588,-0.0106,-9.874731567644952,0.0710472,0.2504445,0.0146071,0.3261036,0.04213366185278707,2.01926584728658,1.0
jx-gs-06,0,0.0534,0.01112,-0.0092,4.802158273381296,0.0710472,0.2504445,0.0146071,0.3261036,0.04213366185278707,2.01926584728658,1.0
jx-gs-06,5,0.6867,0.01591,-0.0174,43.161533626649906,0.0710472,0.2504445,0.0146071,0.3261036,0.04213366185278707,2.01926584728658,1.0
jx-gs-06,10,0.9993,0.06135,0.0047,16.288508557457213,0.0710472,0.2504445,0.0146071,0.3261036,0.04213366185278707,2.01926584728658,1.0
jx-gs-10,-5,-0.187,0.22323,-0.0153,-0.8377010258477803,0.0741454,0.2683201,0.014658199999999998,0.3639176,0.04041116677764195,2.2082285783689013,1.0
jx-gs-10,0,0.0467,0.01193,-0.0119,3.914501257334451,0.0741454,0.2683201,0.014658199999999998,0.3639176,0.04041116677764195,2.2082285783689013,1.0
jx-gs-10,5,0.6959,0.01528,-0.0215,45.54319371727748,0.0741454,0.2683201,0.014658199999999998,0.3639176,0.04041116677764195,2.2082285783689013,1.0
jx-gs-10,10,0.9539,0.06675,0.0044,14.29063670411985,0.0741454,0.2683201,0.014658199999999998,0.3639176,0.04041116677764195,2.2082285783689013,1.0
jx-gs-15,-5,-0.4417,0.04237,-0.0157,-10.42482888836441,0.0760681,0.2780551,0.014549199999999998,0.4001421,0.04380070709599537,2.4129829233452766,1.0
jx-gs-15,0,0.0142,0.01249,-0.0081,1.1369095276220977,0.0760681,0.2780551,0.014549199999999998,0.4001421,0.04380070709599537,2.4129829233452766,1.0
jx-gs-15,5,0.7081,0.01525,-0.0272,46.432786885245896,0.0760681,0.2780551,0.014549199999999998,0.4001421,0.04380070709599537,2.4129829233452766,1.0
jx-gs-15,10,0.9593,0.06422,0.0053,14.937714107754594,0.0760681,0.2780551,0.014549199999999998,0.4001421,0.04380070709599537,2.4129829233452766,1.0
s102b,-5,-0.3274,0.02808,-0.0629,-11.65954415954416,0.1497,0.44828,0.019139999999999997,0.17954,0.05241391333616858,0,0.99999
s102b,0,0.0379,0.03278,-0.0216,1.1561928004881028,0.1497,0.44828,0.019139999999999997,0.17954,0.05241391333616858,0,0.99999
s102b,5,0.769,0.02321,-0.0505,33.13227057302887,0.1497,0.44828,0.019139999999999997,0.17954,0.05241391333616858,0,0.99999
s102b,10,1.2387,0.03659,-0.0412,33.853511888494126,0.1497,0.44828,0.019139999999999997,0.17954,0.05241391333616858,0,0.99999
s102s,-5,-0.3773,0.03045,-0.0541,-12.39080459770115,0.1497,0.44828,0.019139999999999997,0.17954,0.05241391333616858,0,0.99999
s102s,0,-0.0922,0.03369,0.0016,-2.7367171267438413,0.1497,0.44828,0.019139999999999997,0.17954,0.05241391333616858,0,0.99999
s102s,5,0.7008,0.02433,-0.0385,28.8039457459926,0.1497,0.44828,0.019139999999999997,0.17954,0.05241391333616858,0,0.99999
s102s,10,1.1972,0.03544,-0.0327,33.78103837471784,0.1497,0.44828,0.019139999999999997,0.17954,0.05241391333616858,0,0.99999
tsagi_r3a,-5,-0.2945,0.04963,-0.0325,-5.933910940963127,0.120757,0.241123,0.034812499999999996,0.22154,0.06315304123573455,10.178555032446855,0.999637
tsagi_r3a,0,0.301,0.01618,-0.032,18.603213844252164,0.120757,0.241123,0.034812499999999996,0.22154,0.06315304123573455,10.178555032446855,0.999637
tsagi_r3a,5,0.8079,0.02552,-0.023,31.657523510971785,0.120757,0.241123,0.034812499999999996,0.22154,0.06315304123573455,10.178555032446855,0.999637
tsagi_r3a,10,0.8002,0.10766,-0.0406,7.432658368939253,0.120757,0.241123,0.034812499999999996,0.22154,0.06315304123573455,10.178555032446855,0.999637
w1011,-5,-0.5737,0.01723,-0.001,-33.29657573998839,0.11000599999999999,0.253966,3.6499999999999966e-05,1.0,0.05038074231050076,8.445487126340138,0.999983
w1011,0,-0.0007,0.01332,0.0001,-0.05255255255255255,0.11000599999999999,0.253966,3.6499999999999966e-05,1.0,0.05038074231050076,8.445487126340138,0.999983
w1011,5,0.5733,0.01722,0.001,33.29268292682927,0.11000599999999999,0.253966,3.6499999999999966e-05,1.0,0.05038074231050076,8.445487126340138,0.999983
w1011,10,1.0057,0.04173,0.0162,24.10016774502756,0.11000599999999999,0.253966,3.6499999999999966e-05,1.0,0.05038074231050076,8.445487126340138,0.999983
w1015,-5,-0.6553,0.01896,0.0144,-34.56223628691983,0.149952,0.271857,5.000000000005e-07,0.909558,0.057051163004133085,14.643748234355773,0.999987
w1015,0,-0.0,0.01656,-0.0,-0.0,0.149952,0.271857,5.000000000005e-07,0.909558,0.057051163004133085,14.643748234355773,0.999987
w1015,5,0.6552,0.01895,-0.0144,34.57519788918206,0.149952,0.271857,5.000000000005e-07,0.909558,0.057051163004133085,14.643748234355773,0.999987
w1015,10,1.0413,0.03232,0.0129,32.2184405940594,0.149952,0.271857,5.000000000005e-07,0.909558,0.057051163004133085,14.643748234355773,0.999987
